date,home,away,hg,ag
2026-09-29,Wuxi Wugou,Ningbo Professional,1,0
2026-09-24,Alianza FC,Fuerte San Francisco El,2,2
2026-09-23,Bregalnica Stip,FK Skopje North,1,0
2026-09-23,Birmingham,Brooklyn,4,0
2026-09-22,Arnett Gardens,Dunbeholden,3,0
2026-09-22,Biskra,Saoura,0,0
2026-09-21,Struga,Arsimi North,6,0
2026-09-21,Panthrakikos,Niki Volos,1,0
2026-09-21,Rustavi,Iberia 1999,0,2
2026-09-21,Spaeri,Dila Gori,1,4
2026-09-21,Petrolul,Csikszereda M. Ciuc,2,0
2026-09-21,Manta,Orense,2,1
2026-09-21,Criciuma,Operario-PR,0,2
2026-09-20,Gremio,Palmeiras,0,0
2026-09-20,Ponte Preta,CRB,1,0
2026-09-20,Otrant,Jezero,4,1
2026-09-20,Dynamo Brest,Dnepr Mogilev,4,2
2026-09-20,Real Sireti,Milsami,1,2
2026-09-20,Shirak Gyumri,Ararat-Armenia,1,3
2026-09-20,Estrela,Academico Viseu,0,2
2026-09-20,Vitoria Guimaraes,Moreirense,1,1
2026-09-20,Degerfors,Hammarby,0,1
2026-09-20,Mjallby,GAIS,0,3
2026-09-20,Basel,St. Gallen,1,3
2026-09-20,Lausanne,Lugano,0,4
2026-09-20,Rijeka,Hajduk Split,3,0
2026-09-20,Tromso,HamKam,3,2
2026-09-20,Viking,Lillestrom,3,0
2026-09-20,Sandefjord,Start,3,0
2026-09-20,Skalica,Podbrezova,0,1
2026-09-20,Shakhtar Donetsk,LNZ Cherkasy,3,0
2026-09-20,Haugesund,Strommen,4,2
2026-09-20,Lyn,Ranheim,1,4
2026-09-20,Odd,Egersund,5,1
2026-09-20,Raufoss,Stromsgodset,0,2
2026-09-20,Sandnes,Moss,1,2
2026-09-20,Salzburg,Sturm Graz,3,0
2026-09-20,Schalke,Elversberg,0,0
2026-09-20,Hibernians,Floriana,0,4
2026-09-20,Flora,Parnu JK Vaprus,3,2
2026-09-20,Viborg,Nordsjaelland,4,1
2026-09-20,Dinamo Batumi,Torpedo Kutaisi,3,2
2026-09-20,Villarreal,Levante,3,1
2026-09-20,Santa Clara,Braga,0,0
2026-09-20,Estoril,Casa Pia,1,2
2026-09-20,Crvena zvezda,Radnicki Nis,3,0
2026-09-20,Bokelj,Mladost DG,3,0
2026-09-20,Brann,Bodo/Glimt,2,1
2026-09-20,Dinamo Bucuresti,Farul Constanta,4,0
2026-09-20,Paderborn,Hoffenheim,3,1
2026-09-20,Lech Poznan,Radomiak Radom,5,1
2026-09-20,Corinthians,Fluminense,1,3
2026-09-20,Vitoria,Cruzeiro,1,3
2026-09-20,Valencia,Real Sociedad,2,3
2026-09-20,FC Porto,Benfica,3,1
2026-09-20,Chapelton,Molynes,2,1
2026-09-20,Montego Bay,Tru-Juice,0,0
2026-09-20,Mount Pleasant,Racing United,0,1
2026-09-20,Treasure Beach,Tivoli,1,1
2026-09-20,Alianza FC,Municipal Limeno El,3,2
2026-09-20,Indy Eleven,Oakland Roots,0,1
2026-09-20,Flamengo RJ,Bragantino,2,1
2026-09-20,Londrina,Fortaleza,1,2
2026-09-20,Sacramento Republic,San Antonio,0,0
2026-09-19,Den Haag,Cambuur,1,1
2026-09-19,Olympique Akbou,USM Alger,2,3
2026-09-19,Varazdin,Osijek,0,0
2026-09-19,Novi Pazar,Zemun,2,2
2026-09-19,Vojvodina,IMT Novi Beograd,1,1
2026-09-19,Sandviken,Orebro,4,2
2026-09-19,Epitsentr,Livyi Bereg,0,2
2026-09-19,BKMA,Sardarapat,1,1
2026-09-19,GKS Katowice,Cracovia,3,2
2026-09-19,Orgryte,Sirius,1,2
2026-09-19,Ghaz Al Shamal,Newroz,0,0
2026-09-19,Al Quwa Al Jawiya,Diyala,1,1
2026-09-19,Molde,Aalesund,1,2
2026-09-19,Luzern,Grasshoppers,5,1
2026-09-19,Young Boys,Servette,3,2
2026-09-19,Sion,Zurich,1,1
2026-09-19,Zimbru Chisinau,Dacia Buiucani,0,1
2026-09-19,Samgurali,Dinamo Tbilisi,2,3
2026-09-19,Shabab Al Ordon,Al Hussein,3,3
2026-09-19,Celta Vigo,Racing Santander,5,0
2026-09-19,Stuttgart,Dortmund,0,1
2026-09-19,Sparta Rotterdam,Heerenveen,0,4
2026-09-19,Kilmarnock,Hearts,1,1
2026-09-19,Alverca,Rio Ave,1,0
2026-09-19,Din. Minsk,BATE,2,0
2026-09-19,Radnik,Partizan,4,4
2026-09-19,Coleraine,Limavady Northern,1,0
2026-09-19,Arsenal Tivat,Sutjeska,0,2
2026-09-19,Grazer AK,Austria Vienna,2,2
2026-09-19,Ajax,Excelsior,2,2
2026-09-19,Al-Karma,Zakho,1,0
2026-09-19,ES Setif,Constantine,5,1
2026-09-19,Istra 1961,Gorica,0,1
2026-09-19,Meux,RWDM Brussels,0,1
2026-09-19,Motor Lublin,Gornik Zabrze,0,0
2026-09-19,Al Shorta,Al Kahraba,2,0
2026-09-19,Komarno,Slovan Bratislava,1,2
2026-09-19,Willem II,Sittard,0,1
2026-09-19,Sevilla,Barcelona,1,3
2026-09-19,Sport Recife,Juventude,2,1
2026-09-19,Sporting CP,Arouca,2,2
2026-09-19,Mirassol,Botafogo RJ,2,0
2026-09-19,Cacahuatique,FAS El,0,2
2026-09-19,Remo,Santos,1,2
2026-09-19,Athletic Club,Botafogo SP,1,1
2026-09-19,Guayaquil City,Leones del Norte,1,1
2026-09-19,Charleston,Monterey Bay,1,0
2026-09-19,Lexington,Orange County SC,6,0
2026-09-19,Louisville City,Loudoun,2,1
2026-09-19,Brooklyn,FC Tulsa,2,2
2026-09-19,Rhode Island,Miami FC,1,2
2026-09-19,Vasco,Coritiba,5,0
2026-09-18,Yanbian Longding,Guangdong,1,2
2026-09-18,Dalian K'un City,Ningbo Professional,1,0
2026-09-18,Nantong Zhiyun,Guangxi Hengchen,0,1
2026-09-18,Zhejiang Professional,Wuhan Three Towns,4,1
2026-09-18,Ayutthaya Utd,Uthai Thani,1,2
2026-09-18,Belshina,FC Minsk,2,0
2026-09-18,FC Gandzasar,Urartu,0,3
2026-09-18,Kyzylzhar,Kaisar Kyzylorda,1,1
2026-09-18,Shkendija,Bashkimi North,4,1
2026-09-18,Sileks,Tikves North,0,0
2026-09-18,Khenchela,Ben Aknoun,1,1
2026-09-18,Lahti,Jaro,1,1
2026-09-18,SJK,Mariehamn,2,1
2026-09-18,Aktobe,Ulytau,2,2
2026-09-18,Karbala,Erbil,0,3
2026-09-18,Al Mosul,Al Naft,0,1
2026-09-18,Zabbar,Birkirkara,0,2
2026-09-18,Harju JK Laagri,Kuressaare,0,0
2026-09-18,Noah,Van,2,0
2026-09-18,AC Oulu,Inter Turku,0,1
2026-09-18,Gnistan,HJK,1,1
2026-09-18,Sarpsborg 08,KFUM Oslo,1,3
2026-09-18,Falkenberg,Ostersund,0,0
2026-09-18,Buducnost,Petrovac,4,1
2026-09-18,Slavia Sofia,CSKA 1948 Sofia,1,2
2026-09-18,Al Wehdat,Al Ramtha,0,1
2026-09-18,MC Alger,Rouisset,2,0
2026-09-18,Al Minaa,Duhok,1,1
2026-09-18,Al Talaba,Al Golan,2,2
2026-09-18,Groningen,Zwolle,3,0
2026-09-18,Hamrun,Marsaxlokk,4,1
2026-09-18,Bayern Munich,Union Berlin,7,0
2026-09-18,Derry City,Galway,1,0
2026-09-18,Dundalk,Shelbourne,2,3
2026-09-18,Athlone,Kerry,3,0
2026-09-18,Finn Harps,Longford,0,1
2026-09-18,Wexford,Cobh Ramblers,3,1
2026-09-18,Bohemians,Drogheda,2,1
2026-09-18,Shamrock Rovers,Waterford,3,2
2026-09-18,Espanyol,Elche,1,3
2026-09-18,Central Cordoba,Defensa y Justicia,2,2
2026-09-18,Platense,UPNFM,0,2
2026-09-18,New York City,New York Red Bulls,0,1
2026-09-18,Ceara,Novorizontino,2,1
2026-09-17,Vakhsh,Regar-TadAZ,0,1
2026-09-17,Orenburg,Krasnodar,0,0
2026-09-17,Tobol,Yelimay Semey,0,2
2026-09-17,Atyrau,Ordabasy,0,3
2026-09-17,Akron Togliatti,Akhmat Grozny,2,0
2026-09-17,Al Karkh,Naft Missan,3,2
2026-09-17,Levadia,Tammeka,6,0
2026-09-17,Iberia 1999,Dila Gori,2,1
2026-09-17,Viimsi JK,Tartu Welco,0,2
2026-09-17,Doqarah,Al Salt,2,0
2026-09-17,Betis,Getafe,1,0
2026-09-17,Biskra,CR Belouizdad,0,1
2026-09-17,Zeleznicar Pancevo,Crvena zvezda,1,2
2026-09-17,Al Zawraa,Al Gharraf,2,0
2026-09-17,Temouchent,Kabylie,1,0
2026-09-17,Malaga,Villarreal,1,3
2026-09-17,Iberia 1999,Dila Gori,2,1
2026-09-16,Barkchi Hisor,Sardor Tursunzoda,2,0
2026-09-16,Zalgiris,Kauno Zalgiris,3,2
2026-09-16,Auda,Ogre United,1,0
2026-09-16,Paide,Parnu JK Vaprus,2,0
2026-09-16,Azam,Simba,0,2
2026-09-16,AIK,Mjallby,1,1
2026-09-16,Baltika,Zenit,2,3
2026-09-16,Lokomotiv Moscow,Krylya Sovetov,1,1
2026-09-16,Barcelona,Racing Santander,7,2
2026-09-16,Coquimbo,Huachipato,0,1
2026-09-16,Hartford Athletic,Sporting Jax,2,0
2026-09-16,Botafogo RJ,Gremio,3,2
2026-09-16,Once Caldas,Deportes Tolima,1,0
2026-09-16,CRB,Sport Recife,2,1
2026-09-16,Puebla,Toluca,0,1
2026-09-16,Eskhata,Istaravshan,3,1
2026-09-15,Super Nova,Riga FC,0,1
2026-09-15,Young Africans,Geita Gold,1,0
2026-09-15,Rayo Vallecano,Espanyol,2,1
2026-09-15,Brage,Sandviken,1,1
2026-09-15,Landskrona,Sundsvall,4,0
2026-09-15,Varnamo,Oster,1,3
2026-09-15,Jezero,Bokelj,1,1
2026-09-15,Alaves,Valencia,0,1
2026-09-15,Ajax,Willem II,5,1
2026-09-15,Korona Kielce,Gornik Zabrze,0,2
2026-09-15,Falkirk,Hearts,2,1
2026-09-15,Hibernian,Kilmarnock,0,1
2026-09-15,Motherwell,Aberdeen,0,4
2026-09-15,Elche,Real Madrid,2,3
2026-09-15,San Luis,Antofagasta,2,1
2026-09-15,Londrina,Ponte Preta,6,0
2026-09-15,Indy Eleven,Brooklyn,4,0
2026-09-14,San Diego FC,Philadelphia Union,0,5
2026-09-14,Meshakhte Tkibuli,Rustavi,0,1
2026-09-14,Panionios,Kalamaria,1,0
2026-09-14,Torpedo Kutaisi,Samgurali,3,2
2026-09-14,Inter Turku,VPS,1,0
2026-09-14,Norrby,Varberg,1,2
2026-09-14,Orebro,Nordic United,1,1
2026-09-14,Bodo/Glimt,Sandefjord,3,2
2026-09-14,Djurgarden,GAIS,2,0
2026-09-14,Sirius,Degerfors,2,0
2026-09-14,Dinamo Tbilisi,Gagra,4,0
2026-09-14,Ostersund,Helsingborg,1,0
2026-09-14,Shelbourne,Drogheda,1,2
2026-09-14,Waterford,Derry City,2,2
2026-09-14,Sligo Rovers,Galway,1,3
2026-09-14,Botafogo SP,Goias,1,3
2026-09-14,Bahia,Remo,2,1
2026-09-14,Union La Calera,Limache,1,0
2026-09-14,Rangers,Deportes Iquique,1,2
2026-09-13,FA Siauliai,Hegelmann,0,0
2026-09-13,Dila Gori,Dinamo Batumi,2,2
2026-09-13,Kuressaare,Tammeka,1,3
2026-09-13,Malmo FF,Orgryte,4,1
2026-09-13,Moquegua,Sporting Cristal,1,2
2026-09-13,HamKam,Molde,1,5
2026-09-13,KFUM Oslo,Aalesund,2,1
2026-09-13,Start,Brann,2,0
2026-09-13,BATE,Naftan,2,2
2026-09-13,Egersund,Kongsvinger,1,1
2026-09-13,Moss,Haugesund,1,4
2026-09-13,Raufoss,Odd,2,1
2026-09-13,Ranheim,Asane,2,2
2026-09-13,Sogndal,Strommen,1,1
2026-09-13,Stromsgodset,Sandnes,4,1
2026-09-13,Ljungskile,Falkenberg,0,2
2026-09-13,Panserraikos,Asteras Tripolis B,1,0
2026-09-13,Magallanes,D. Puerto Montt,2,0
2026-09-13,Elversberg,Bayern Munich,1,2
2026-09-13,Suduva,Zalgiris,0,0
2026-09-13,Iberia 1999,Spaeri,1,0
2026-09-13,Din. Minsk,Dynamo Brest,0,1
2026-09-13,Fredrikstad,Sarpsborg 08,1,1
2026-09-13,Sport Boys,Deportivo Garcilaso,1,0
2026-09-13,San Marcos de Arica,Curico Unido,3,0
2026-09-13,Mirassol,Vitoria,2,2
2026-09-13,Macara,Emelec,1,0
2026-09-13,Flamengo RJ,Corinthians,2,1
2026-09-13,Juventude,Athletic Club,0,2
2026-09-13,Chicago Fire,New England Revolution,1,2
2026-09-13,Fortaleza,Ceara,1,1
2026-09-13,Novorizontino,Cuiaba,1,1
2026-09-13,Pacific FC,Cavalry,0,1
2026-09-13,Vancouver Whitecaps,Austin FC,1,2
2026-09-13,Barcelona SC,Delfin,1,1
2026-09-13,A. Italiano,O'Higgins,1,0
2026-09-13,Dunbeholden,Cavalier,1,2
2026-09-13,Montego Bay,Chapelton,2,0
2026-09-12,Vitebsk,Belshina,1,1
2026-09-12,Kaisar Kyzylorda,Atyrau,1,0
2026-09-12,Nublense,Everton,1,3
2026-09-12,Los Chankas,FC Cajamarca,1,2
2026-09-12,Rosenborg,Tromso,5,3
2026-09-12,Ilves,Lahti,3,1
2026-09-12,Jaro,SJK,1,1
2026-09-12,AC Oulu,Gnistan,1,2
2026-09-12,Al Salt,Al Wehdat,0,0
2026-09-12,Cobresal,Coquimbo,3,2
2026-09-12,Comerciantes Unidos,Sport Huancayo,0,1
2026-09-12,Rouisset,Olympique Akbou,2,0
2026-09-12,Union Rochefortoise,Onhaye,1,2
2026-09-12,Longford,Treaty United,0,2
2026-09-12,Manta,Aucas,0,0
2026-09-12,Chapecoense-SC,Internacional,1,2
2026-09-12,Supra du Quebec,HFX Wanderers,0,2
2026-09-12,Constantine,ASO Chlef,3,0
2026-09-12,Moquegua,Sporting Cristal,1,2
2026-09-12,Palmeiras,Sao Paulo,2,0
2026-09-12,Guayaquil City,Mushuc Runa,3,1
2026-09-12,Brooklyn,Miami FC,1,1
2026-09-12,Hartford Athletic,Tampa Bay,3,1
2026-09-12,Louisville City,El Paso,1,2
2026-09-12,Sporting Jax,Rhode Island,0,3
2026-09-12,DC United,Atlanta Utd,0,0
2026-09-12,FC Cincinnati,Charlotte,3,3
2026-09-12,Inter Miami,Nashville SC,2,2
2026-09-12,Orlando City,Toronto FC,3,0
2026-09-12,Botafogo RJ,Bragantino,1,1
2026-09-11,Drogheda,Sligo Rovers,2,0
2026-09-11,Galway,Bohemians,2,3
2026-09-11,Shelbourne,Derry City,0,1
2026-09-11,Waterford,Dundalk,1,1
2026-09-11,Wexford,Finn Harps,1,3
2026-09-11,Cork City,Cobh Ramblers,2,3
2026-09-11,Jaguares de Cordoba,Fortaleza,2,2
